country,life_expectancy,GDP
Afghanistan,58.19375,340.0154
Albania,75.15625,2119.7267
Algeria,73.61875,2847.8534
Angola,49.01875,1975.143
Antigua and Barbuda,75.05625,9759.3057
Argentina,75.15625,6998.5751
Armenia,73.4,1999.9863
Australia,81.8125,34637.565
Austria,81.48125,33827.4763
Azerbaijan,70.73125,3302.9478